Name,Phone,Gender,Invited by
Ashir Bhatti,97366703631,Male,Facebook
Frank,97333957178,Male,Ramen
Peggy Dede Laryea,97335930096,Female,Facebook ad
Asif Masih,97336800616,Male,Facebook
Aka Remy,97335643823,Male,Facebook
John,639244284511,Male,Facebook
Joyce Josephine,97333845495,Female,Facebook
Dainal,97336451077,Male,Facebook ad
Yashwa,97334537619,Male,Facebook ad
Omare,254791335223,Male,Facebook ad
Ashok,97333355179,Male,Facebook ad
Chrisannder,97333277232,Female,Facebook ad
Ram,97333399624,Female,Facebook ad
Reby,97333725775,Female,Facebook ad
Cheriyan,97333582274,Female,Facebook ad
Glory,97333206813,Female,Facebook ad
Sydonie,97336649692,Female,Bro Henry
Emmerencia,97336219173,Female,Bro Henry
Jhonabell,639304102367,Female,Facebook
