Name,Status,Phone,Email,Address,Invited by,Adults / Youth / Child
Gloria Afari,Member,97333921807,gloriaafari92@gmail.com,"Flat 01, Buliding 1785, Road 421, Sitra , Al Qaryah, 604",Facebook Ad,Adult Sis
Kwabena Afari,Member,97333008397,afarikm21@gmail.com,"Flat 01, Buliding 1785, Road 421, Sitra , Al Qaryah, 604",Fb Ad,Adult Bro
Joshua Afari,Member,97336880985,afarijoshua@gmail.com,"Flat 01, Buliding 1785, Road 421, Sitra , Al Qaryah, 604",Mother,Youth Bro
Paschal Uchenna Egbusim,Newcomer,97337043452,,Salmabad Bahrain,Bro Henry & Pst Chinedu,Adult Bro
Peter C Owere,Newcomer,97337042772,peteronwere@gmail.com,"Al Aij Plaza, Block 318, RD 207, Exhibition Road, Flat 101",Fb Ad,Adult Bro
Bunmi Babalola,Newcomer,97335034552,,Isa Town,Pst Chinedu,Adult Bro
Nwaokolie Ebuka Bethel,Newcomer,97333411562,,Paytona Building,Fb Ad,Adult Bro
Henry Ashu,Member,97338391515,,"Apt 23, 3rd Floor, Rd 2921, Riffa",Fb Ad,Adult Bro
Jerry King,Newcomer,97333602751,,Riffa,Bro Bunmi,Adult Bro
Chinedu Uguru,Member,966573786876,Kaflox@yahoo.com,Saudi Arabia,Self,Adult Bro
Chinwendu Uguru,Member,966562798694,chinweuguru@gmail.com,Saudi Arabia,Self,Adult Sis
Grace Uguru,Member,966570730266,,Saudi Arabia,Self,Youth Sis
Peculiar Besin,Newcomer,97335478120,,Bahrain,Facebook Ad,Adult Sis
Emmanuel,Newcomer,97333423628,,Bahrain,Facebook Ad,Adult bro
Maxwell Osei,Newcomer,97333273495,,"Askar, 5159, 2676",Bro/ Sis Afari,Adult bro
Sunday Abu,Newcomer,2349021775682,,Bahrain,Facebook ad,Adult Bro
Chukwu Samuel,Newcomer,97337014430,,Bahrain,Facebook ad,Adult Bro
