,,,,,,,,,,,,,,,,,,,,,,,,,,,,,,,,,,,,,,,,,
,"DEEPER LIFE BIBLE CHURCH, BAHRAIN LOCATION
JULY 2026 MONTHLY REPORT",,,,,,,,,,,,,,,,,,,,,,,,,,,,,,,,,,,,,,,,
,ACTIVITY,DATE,JULY 2026 WEEKLY FELLOWSHIP REPORT,,,,,,,,,,,,,,July 2026 GCK - Bahrain - Total Transformation through Christ,,,,,,,,,,,,,A,B,C,D,E,F,G,H,I,,J,K
,,,Adult,,Youth,,Children,,New Comer,TOTAL,DLICC Vow,GCK,Special Fund,Tithe,Offering,TOTAL CASH,S/N,"



JESUS THE LIBERATOR",Date,Adult,,Youth,,Children,,New Convert,TOTAL,Remarks,,MAY 2025 HCF LEADERS OFFERING COLLECTION SUBMISSION as at 31 MAY 2025,,,,,,,,,,,
,,,M,F,M,F,M,F,,,,,,,,,,,,M,F,M,F,M,F,,,,,S/N,ACTIVITY,DATE,Kuwait,HCF 1,HCF 2,HCF 3,HCF 4,HCF 5,HCF 6,HCF 7,Total
,"FRIDAY
WORSHIP
SERVICE",17-Jul,14,6,1,1,1,3,4,30,0,0,0,9500.00,320.70,9820.70,1,GCK,29/07/2026,XX,XX,XX,XX,XX,XX,XX,XX,"Not 
Available",,1,"FRIDAY
WORSHIP
SERVICE",17-Jul,0.000,0.000,,0.000,0.000,0.000,0.000,0.000,0.000
,,24-Jul,6,3,1,1,1,3,1,16,0,0,0,0.00,90.00,90.00,2,GCK,30/07/2026,XX,XX,XX,XX,XX,XX,XX,XX,,,2,,24-Jul,0.000,0.000,,0.000,0.000,0.000,0.000,0.000,0.000
,,31-Jul,11,3,1,1,2,4,1,23,0,0,0,0.00,220.20,220.20,3,GCK,31/07/2026,XX,XX,XX,XX,XX,XX,XX,XX,,,3,,31-Jul,0.000,0.000,,0.000,0.000,0.000,0.000,0.000,0.000
,,XXX,XX,XX,XX,XX,XX,XX,XX,XX,XX,XX,XX,0.00,0.00,0.00,4,GCK,01/08/2026,XX,XX,XX,XX,XX,XX,XX,XX,,,4,,XXX,0.000,0.000,,0.000,0.000,0.000,0.000,0.000,0.000
,,XXX,XX,XX,XX,XX,XX,XX,XX,XX,XX,XX,XX,XX,XX,XX,5,GCK,02/08/2026,XX,XX,XX,XX,XX,XX,XX,XX,,,,,,,,,,,,,,
,"MONDAY
BIBLE
STUDY",20-Jul,9,4,1,1,2,5,0,22,0.00,0.00,0.00,0.00,0.00,0.00,6,XX,XXX,XX,XX,XX,XX,XX,XX,XX,XX,,,5,"MONDAY
BIBLE
STUDY",20-Jul,0.000,0.000,,0.000,0.000,0.000,0.000,0.000,0.000
,,27-Jul,8,5,1,1,2,5,1,23,0.00,0.00,0.00,0.00,0.00,0.00,7,XX,XXX,XX,XX,XX,XX,XX,XX,XX,XX,,,6,,27-Jul,0.000,0.000,,0.000,0.000,0.000,0.000,0.000,0.000
,,XXX,XX,XX,XX,XX,XX,XX,XX,XX,0.00,0.00,0.00,0.00,0.00,0.00,8,,Average,,,,,,,,,,,7,,XXX,0.000,0.000,,0.000,0.000,0.000,0.000,0.000,0.000
,,XXX,XX,XX,XX,XX,XX,XX,XX,XX,0.00,0.00,0.00,0.00,0.00,0.00,9,,Highest,,,,,,,,,,,8,,XXX,0.000,0.000,,0.000,0.000,0.000,0.000,0.000,0.000
,,XXX,XX,XX,XX,XX,XX,XX,XX,XX,0.00,0.00,0.00,0.00,0.00,0.00,10,,Lowest,,,,,,,,,,,9,,XXX,0.000,0.000,0.000,0.000,0.000,0.000,0.000,0.000,0.000
,"WEDNESDAY MIRACLE & REVIVAL
SERVICE",22-Jul,5,2,1,1,2,5,1,17,0.00,0.00,0.00,0.00,0.00,0.00,11,,Remarks,,,,,,,,,,,10,"WEDNESDAY MIRACLE & REVIVAL
SERVICE",22-Jul,0.000,0.000,0.000,0.000,0.000,0.000,0.000,0.000,0.000
,,29-Jul,GCK,GCK,GCK,GCK,GCK,GCK,GCK,GCK,0.00,0.00,0.00,0.00,0.00,0.00,12,"



MINISTER'S RENEWAL CONFERENCE(Bahrain)",Date,Adult,,Youth,,Children,,New Convert,TOTAL,Remarks,,11,,29-Jul,0.000,0.000,0.000,0.000,0.000,0.000,0.000,0.000,0.000
,,XXX,XX,XX,XX,XX,XX,XX,XX,XX,0.00,0.00,0.00,0.00,0.00,0.00,13,,,M,F,M,F,M,F,,,,,12,,XXX,0.000,0.000,0.000,0.000,0.000,0.000,0.000,0.000,0.000
0,,XXX,XX,XX,XX,XX,XX,XX,XX,XX,0.00,0.00,0.00,0.00,0.00,0.00,14,,XXX,XX,XX,XX,XX,XX,XX,XX,XX,"Not 
Available
",,13,,XXX,0.000,0.000,0.000,0.000,0.000,0.000,0.000,0.000,0.000
,,XXX,XX,XX,XX,XX,XX,XX,XX,XX,XX,XX,XX,XX,XX,XX,15,,XXX,Nil,Nil,Nil,Nil,Nil,Nil,Nil,Nil,,,,,,,,,,,,,,
,"WORKER'S
&
LEADER'S
MEETING",SATURDAY'S Worker Training,,,,TUESDAY'S Leadership Development,,,,,0.00,0.00,0.00,0.00,0.00,10130.90,16,,XXX,Nil,Nil,Nil,Nil,Nil,Nil,Nil,Nil,,,16,SUB TOTAL,,0.000,0.000,0.000,0.000,0.000,0.000,0.000,0.000,0.000
,,Date,M,F,Total,Date,,M,F,Total,0.00,0.00,0.00,9500.00,630.90,10130.90,17,,,,,,,,,,,,,17,TITHE,,,,,,,0.000,0.000,0.000,0.000
,,18-Jul,5,3,8,21-Jul,,3,2,5,JULY 2026 EXPENDITURES,,,,,,18,,,,,,,,,,,,,18,SUB TOTAL,,0.000,0.000,0.000,0.000,0.000,0.000,0.000,0.000,0.000
,,25-Jul,GCK,GCK,GCK,28-Jul,,3,2,5,S/N,Despcription,,,,Amount,19,,,,,,,,,,,,,19,SPECIAL PROJECT/CRUSADE,,0.000,0.000,0.000,0.000,0.000,0.000,0.000,0.000,0.000
,,,XX,XX,XX,XX,,XX,XX,XX,1,Rent,,,,1000.00,20,,Average,,,,,,,,,,,20,DLICC BUILDING PROJECT,,,,0.000,0.000,0.000,0.000,0.000,0.000,0.000
,,,XX,XX,XX,XX,,XX,XX,XX,2,Transportation,,,,310.00,21,,Highest,,,,,,,,,,,21,NATIONAL OVERSEER'S OFFICE,,0.000,0.000,0.000,0.000,0.000,0.000,0.000,0.000,0.000
,,,XX,XX,XX,XX,,xxx,xxx,XX,3,Refreshments,,,,1000.00,22,,Lowest,,,,,,,,,,,22,SUBTOTAL,,0.000,0.000,0.000,0.000,0.000,0.000,0.000,0.000,0.000
,Average Attendance,,,,,,,,,,4,Church Administration,,,,7749.06,23,,Remarks,,,,,,,,,,,23,GRAND TOTAL,,0.000,0.000,0.000,0.000,0.000,0.000,0.000,0.000,0.000
,Highest Attendance,,8,,,,,,,,5,Charity with miscellaneous,,,,0.00,24,,,,,,,,,,,,,24,CHECK,,0.000,,,,,,,,
,Lowest Attendance,,,,,,,,,,6,TOTAL,,,,10059.06,25,,,,,,,,,,,,,25,REMARKS,,,,,,,,,,
,TOTAL Income,,SAR,XXX,,"All inclusive location income (Tithe, offering, special collections)",,,,,,,,,,10130.90,26,,,,,,,,,,,,,,,,,,,,,,,,
,TOTAL Expenses,,SAR,XXX,,"All inclusive location reccurent expenditure (rent, support & logistics)",,,,,,,,,,2000.00,27,,Further Assistance Needed,,,,,,,,,,,,,,,,,,,,,,
,OFFERING HQ,,SAR,XXX,, To be sent to DLBC account in Dubai as August 2026 offering from Bahrain,,,,,,,,,,0.00,28,,,,,,,,,,,,,,,,,,,,,,,,
,DLICC PROJECT,,SAR,XXX,, To be sent to DLBC account in Lagos as August 2026 DLICC Fund ,,,,,,,,,,0.00,29,,Striking Testimonies,,,,,,,,,,,,,,,,,,,,,,
,GCC SPECIAL PROJECT/GCK,,SAR,XXX,, To be sent to DLBC account in Bahrain as August 2026 Special Project Fund (ECAQ) (QAR),,,,,,,,,,0.00,30,,,,,,,,,,,,,,,,,,,,,,,,
,TOTAL CASH BALANCE,,SAR,XXX,,To be retained in location account,,,,,,,,,,71.84,31,,,,,,,,,,,,,,,,,,,,,,,,
,LOCATION PASTOR'S REMARKS,,,,,,,,,,,,,,,,,,,,,,,,,,,,,,,,,,,,,,,,